{"cameraMode":{"drawMode":0,"name":"Shaded","section":"Shading Mode"},"sceneLighting":true,"audioPlay":false,"sceneViewState":{"m_AlwaysRefresh":false,"showFog":true,"showSkybox":true,"showFlares":true,"showImageEffects":true,"showParticleSystems":true,"showVisualEffectGraphs":true,"m_FxEnabled":true},"in2DMode":false,"pivot":{"x":28.622005462646486,"y":-20.339088439941408,"z":33.309165954589847},"rotation":{"x":0.38793638348579409,"y":-0.005529784131795168,"z":0.0023275783751159908,"w":0.921668529510498},"size":38.561500549316409,"orthographic":false}